<?xml version="1.0" encoding="UTF-8" ?>
<!DOCTYPE mapper
        PUBLIC "-//mybatis.org//DTD Mapper 3.0//EN"
        "http://mybatis.org/dtd/mybatis-3-mapper.dtd">
<mapper namespace="org.sang.mapper.AdjustsalaryMapper">
    <select id="getEmpByPage" resultMap="BaseResultMap">
 SELECT a.*,
        e.`workID`,e.`name`AS eName,e.`gender`
        FROM`employee` e,`adjustsalary` a
        WHERE
        a.`eid`=e.`id`
            ORDER BY `asDate` DESC
        limit #{page},#{size}
    </select>
    <select id="getCounts" resultType="int">
        SELECT COUNT(1) FROM `adjustsalary`
    </select>
    <insert id="insertEmp">
      INSERT INTO `adjustsalary` VALUES
(0,#{eid},#{asDate},#{beforeSalary},#{afterSalary},#{reason},#{remark})
    </insert>

    <delete id="deleteEmp">
        DELETE FROM adjustsalary WHERE id IN
        <foreach collection="ids" separator="," open="(" close=")" item="id">
            #{id}
        </foreach>

    </delete>
    <update id="updateEmp">
        UPDATE `adjustsalary` SET `eid`=#{eid},`asDate`=#{asDate},`beforeSalary`=#{beforeSalary},`afterSalary`=#{afterSalary},`reason`=#{reason},`remark`=#{remark} where `id`=#{id}
    </update>
    <resultMap id="BaseResultMap" type="org.sang.bean.Adjustsalary">
        <id column="id" property="id"/>
        <result column="eid" property="eid"/>
        <result column="asDate" property="asDate"/>
        <result column="beforeSalary" property="beforeSalary"/>
        <result column="afterSalary" property="afterSalary"/>
        <result column="remark" property="remark"/>
        <result column="reason" property="reason"/>
        <association property="employee" javaType="org.sang.bean.Employee">
            <id property="id" column="eid"/>
            <result property="name" column="eName"/>
            <result property="workID" column="workID"/>
        </association>
    </resultMap>
</mapper>