<?xml version="1.0" encoding="UTF-8" ?>
<!DOCTYPE mapper
        PUBLIC "-//mybatis.org//DTD Mapper 3.0//EN"
        "http://mybatis.org/dtd/mybatis-3-mapper.dtd">
<mapper namespace="org.sang.mapper.EmployeeRemoveMapper">
    <select id="getEmpByPage" resultMap="BaseResultMap">
SELECT
  r.*,
  e.`workID`,
  e.`name`AS eName,
  e.`gender`,
  d.`id`AS dId,
  d.`name`AS dName,
  j.`id`AS jId,
  j.`name`AS jName
FROM
  `employee` e,
  `employeeremove` r,
  `department` d,
  `joblevel` j
WHERE r.`eid` = e.`id`
AND j.`id`=r.`afterJobId`
AND d.`id`=r.`afterDepId`
ORDER BY `removeDate` DESC
        limit #{page},#{size}
    </select>
    <select id="getCounts" resultType="int">
        SELECT COUNT(1) FROM `employeeremove`
    </select>
    <insert id="insertEmp">
       INSERT INTO `employeeremove` VALUES
(0,#{eid},#{afterDepId},#{afterJobId},#{removeDate},#{reason},#{remark})
    </insert>

    <delete id="deleteEmp">
        DELETE FROM employeeremove WHERE id IN
        <foreach collection="ids" separator="," open="(" close=")" item="id">
            #{id}
        </foreach>

    </delete>
    <update id="updateEmp">
        update  employeeremove
        set
                afterDepId = #{afterDepId},
                afterJobId = #{afterJobId},
                removeDate = #{removeDate},
                reason = #{reason},
                remark = #{remark}
        where id = #{id}
    </update>
    <resultMap id="BaseResultMap" type="org.sang.bean.EmployeeRemove">
        <id column="id" property="id"/>
        <result column="eid" property="eid"/>
        <result column="remark" property="remark"/>
        <result column="afterDepId" property="afterDepId"/>
        <result column="afterJobId" property="afterJobId"/>
        <result column="removeDate" property="removeDate"/>
        <result column="reason" property="reason"/>
        <association property="employee" javaType="org.sang.bean.Employee">
            <id property="id" column="eid"/>
            <result property="name" column="eName"/>
            <result property="workID" column="workID"/>
        </association>
        <association property="department" javaType="org.sang.bean.Department">
            <id property="id" column="dId"/>
            <result property="name" column="dName"/>
        </association>
        <association property="jobLevel" javaType="org.sang.bean.JobLevel">
            <id property="id" column="jId"/>
            <result property="name" column="jName"/>
        </association>
    </resultMap>
</mapper>