<?xml version="1.0" encoding="UTF-8" ?>
<!DOCTYPE mapper
        PUBLIC "-//mybatis.org//DTD Mapper 3.0//EN"
        "http://mybatis.org/dtd/mybatis-3-mapper.dtd">
<mapper namespace="org.sang.mapper.EmployeeecMapper">
    <select id="getEmployeeec" resultMap="BaseResultMap">
SELECT a.`id` as empid,b.`id`,c.`id` as did,d.`id` as jlid,e.`id` as pid,a.`name` as name,a.`gender` as gender,a.`idCard` as idCard,a.`email` as email,a.`phone` as phone,a.`address` as address,c.`name` as dname,d.`name`as jlname,e.`name`as pname,b.`ecDate`,b.`ecReason`,b.`ecPoint`,b.`ecType`,b.`remark`,b.`eid` FROM
`employee` a,`employeeec` b,`department` c,`joblevel` d,`position` e
WHERE b.`eid`=a.`id` AND a.`departmentId`=c.`id` AND a.`jobLevelId`=d.`id` AND a.`posId`=e.`id`
limit #{page},#{size}
    </select>
    <select id="Count" resultType="int">
        SELECT COUNT(1) FROM `employeeec`
    </select>
    <insert id="add">
        INSERT INTO `employeeec`(`eid`,`ecDate`,`ecReason`,`ecPoint`,`ecType`,`remark`)
VALUES(#{eid},#{ecDate},#{ecReason},#{ecPoint},#{ecType},#{remark})
    </insert>
    <select id="ListEmp" resultType="org.sang.bean.Employee">
        SELECT `id`,`name` FROM `employee`
    </select>
    <resultMap id="BaseResultMap" type="org.sang.bean.Employeeec">
        <id column="id" property="id"/>
        <result column="eid" property="eid"/>
        <result column="ecDate" property="ecDate"/>
        <result column="ecReason" property="ecReason"/>
        <result column="ecPoint" property="ecPoint"/>
        <result column="ecType" property="ecType"/>
        <result column="remark" property="remark"/>
        <association property="department" javaType="org.sang.bean.Department">
            <id property="id" column="did"/>
            <result property="name" column="dname"/>
        </association>
        <association property="jobLevel" javaType="org.sang.bean.JobLevel">
            <id property="id" column="jlid"/>
            <result property="name" column="jlname"/>

        </association>

        <association property="position" javaType="org.sang.bean.Position">
            <id property="id" column="pid"/>
            <result property="name" column="pname"/>
        </association>
        <association property="employee" javaType="org.sang.bean.Employee">
            <id property="id" column="empid"/>
            <result property="name" column="name"/>
            <result property="gender" column="gender"/>
            <result property="idCard" column="idCard"/>
            <result property="email" column="email"/>
            <result property="phone" column="phone"/>
            <result property="address" column="address"/>

        </association>
    </resultMap>
    <delete id="del">
        DELETE FROM employeeec
        WHERE id IN
        <foreach collection="ids" separator="," open="(" close=")" item="id">
            #{id}
        </foreach>
    </delete>
    <update id="update">
        update employeeec
        <set>
             <if test="emp.eid != null">
                 eid = #{emp.eid},
             </if>
            <if test="emp.ecDate != null">
                ecDate = #{emp.ecDate},
            </if>
            <if test="emp.ecReason != null">
                ecReason = #{emp.ecReason},
            </if>
            <if test="emp.ecPoint != null">
                ecPoint = #{emp.ecPoint},
            </if>
            <if test="emp.ecType != null">
                ecType = #{emp.ecType},
            </if>
            <if test="emp.remark != null">
                remark = #{emp.remark}
            </if>

        </set>
        where id = #{emp.id}
    </update>
    <select id="getPoint" resultMap="BaseResultMap">
        select e.name,c.ecPoint from employee e,employeeec c
        where e.id=c.eid
    </select>
</mapper>