<?xml version="1.0" encoding="UTF-8" ?>
<!DOCTYPE mapper
        PUBLIC "-//mybatis.org//DTD Mapper 3.0//EN"
        "http://mybatis.org/dtd/mybatis-3-mapper.dtd">
<mapper namespace="org.sang.mapper.EmployeetrainMapper">
    <select id="getEmployeeTrain" resultMap="BaseResultMap">
SELECT a.`id` as empid,b.`id`,c.`id` as did,d.`id` as jlid,e.`id` as pid,a.`name` as name,a.`gender` as gender,a.`idCard` as idCard,a.`email` as email,a.`phone` as phone,a.`address` as address,c.`name` as dname,d.`name`as jlname,e.`name`as pname,b.`trainDate`,b.`trainContent`,b.`remark`,b.`eid` FROM
`employee` a,`employeetrain` b,`department` c,`joblevel` d,`position` e
WHERE b.`eid`=a.`id` AND a.`departmentId`=c.`id` AND a.`jobLevelId`=d.`id` AND a.`posId`=e.`id`
limit #{page},#{size}
    </select>
    <select id="Count" resultType="int">
        SELECT COUNT(1) FROM `employeetrain`
    </select>
    <insert id="add">
        INSERT INTO `employeetrain`(`eid`,`trainDate`,`trainContent`,`remark`)
        VALUES(#{eid},#{trainDate},#{trainContent},#{remark})
    </insert>
    <select id="ListEmp" resultType="org.sang.bean.Employee">
        SELECT `id`,`name` FROM `employee`
    </select>
    <resultMap id="BaseResultMap" type="org.sang.bean.EmployeeTrain">
        <id column="id" property="id"/>
        <result column="eid" property="eid"/>
        <result column="trainDate" property="trainDate"/>
        <result column="trainContent" property="trainContent"/>
        <result column="remark" property="remark"/>
        <association property="department" javaType="org.sang.bean.Department">
            <id property="id" column="did"/>
            <result property="name" column="dname"/>
        </association>
        <association property="jobLevel" javaType="org.sang.bean.JobLevel">
            <id property="id" column="jlid"/>
            <result property="name" column="jlname"/>

        </association>

        <association property="position" javaType="org.sang.bean.Position">
            <id property="id" column="pid"/>
            <result property="name" column="pname"/>
        </association>
        <association property="employee" javaType="org.sang.bean.Employee">
            <id property="id" column="empid"/>
            <result property="name" column="name"/>
            <result property="gender" column="gender"/>
            <result property="idCard" column="idCard"/>
            <result property="email" column="email"/>
            <result property="phone" column="phone"/>
            <result property="address" column="address"/>

        </association>
    </resultMap>
    <delete id="del">
        DELETE FROM employeetrain
        WHERE id IN
        <foreach collection="ids" separator="," open="(" close=")" item="id">
            #{id}
        </foreach>
    </delete>
    <update id="update">
        update employeetrain
        <set>
            <if test="emp.eid != null">
                eid = #{emp.eid},
            </if>
            <if test="emp.trainDate != null">
                trainDate = #{emp.trainDate},
            </if>
            <if test="emp.trainContent != null">
                trainContent = #{emp.trainContent},
            </if>

            <if test="emp.remark != null">
                remark = #{emp.remark}
            </if>

        </set>
        where id = #{emp.id}
    </update>
</mapper>