<?xml version="1.0" encoding="UTF-8" ?>
<!DOCTYPE mapper
        PUBLIC "-//mybatis.org//DTD Mapper 3.0//EN"
        "http://mybatis.org/dtd/mybatis-3-mapper.dtd">
<mapper namespace="org.sang.mapper.MonthMapper">
    <select id="getEmployeeList" resultType="org.sang.bean.Employee">
        SELECT e.`id`,e.`name`
        FROM `employee` e
    </select>

    <select id="getCount" resultType="int">
        select count(1)
        from `month` m,`employee` e
        where e.`id` = m.tid
        and createdDate = #{createdDate}
        <if test="departmentId!=1 and departmentId!=null">
            and departmentId = #{departmentId}
        </if>
        <if test="name!=null and name!=''">
            and e.name like concat('%',#{name},'%')
        </if>
    </select>

    <select id="getMonthList" resultType="org.sang.bean.Month">
        select m.id,e.name,tid,cause,money,degree,createdDate
        from `month` m,`employee` e
        where e.`id` = m.tid and createdDate = #{createdDate}
        <if test="departmentId!=1 and departmentId!=null">
            and departmentId = #{departmentId}
        </if>
        <if test="name!=null and name!=''">
            and e.name like concat('%',#{name},'%')
        </if>

        LIMIT #{PageNo},#{PageSize}
    </select>
    <delete id="delMonth">
        delete from month where tid in
        <foreach collection="ids" separator="," open="(" close=")" item="id">
            #{id}
        </foreach>
        and createdDate = #{createdDate}
    </delete>
    <update id="updMonth">
        update month set tid = #{tid},cause=#{cause},money=#{money},degree=#{degree},createdDate=#{createdDate} where tid=#{tid}
    </update>
    <insert id="insMonth">
        insert `month`(`tid`,`cause`,`money`,`degree`,`createdDate`)
        values
        (#{tid},#{cause},#{money},#{degree},#{createdDate})
    </insert>
</mapper>