<?xml version="1.0" encoding="UTF-8" ?>
<!DOCTYPE mapper PUBLIC "-//123" "http://mybatis.org/dtd/mybatis-3-mapper.dtd">
<mapper namespace="org.sang.mapper.TongjiMapper">
<select id="fenSex" resultType="org.sang.bean.Tongji">
    SELECT s.gender fname,COUNT(s.gender) fcount FROM employee s GROUP BY gender;
</select>
    <select id="fenWedlock" resultType="org.sang.bean.Tongji">
    SELECT s.wedlock fname,COUNT(s.wedlock) fcount FROM employee s GROUP BY wedlock;
</select>
    <select id="fenTiptopDegree" resultType="org.sang.bean.Tongji">
    SELECT s.tiptopDegree fname,COUNT(s.tiptopDegree) fcount FROM employee s GROUP BY tiptopDegree;
</select>
    <select id="fenNativePlace" resultType="org.sang.bean.Tongji">
    SELECT s.nativePlace fname,COUNT(s.nativePlace) fcount FROM employee s GROUP BY nativePlace;
</select>
</mapper>