<?xml version="1.0" encoding="UTF-8" ?>
<!DOCTYPE mapper
        PUBLIC "-//mybatis.org//DTD Mapper 3.0//EN"
        "http://mybatis.org/dtd/mybatis-3-mapper.dtd">
<mapper namespace="org.sang.mapper.WageScheduleMapper">
    <select id="getWageScheduleList" resultType="org.sang.bean.WageSchedule">
        SELECT e.`name`,d.name as depname,e.id,s.`basicSalary`,s.`bonus`,s.`lunchSalary`,s.`trafficSalary`,s.`pensionBase`,s.`pensionPer`,s.`medicalBase`,s.`medicalPer`,s.`accumulationFundBase`,s.`accumulationFundPer`,d.name
        FROM `employee` e,`empsalary` r,`salary` s,`department` d
        WHERE e.id = r.eid AND r.sid = s.id
        AND e.`departmentId` = `departmentId`
        AND e.`departmentId` = d.id
        <if test="depId!=null and depId!='' and depId!=1">
            AND e.departmentId = #{depId}
        </if>
    </select>
    <select id="getAdjustsalary" resultType="double">
        SELECT afterSalary FROM `adjustsalary`
        WHERE `asDate` IN (SELECT MAX(`asDate`) FROM `adjustsalary` GROUP BY `eid`)
        AND eid = #{eid}
        GROUP BY eid DESC
    </select>
    <select id="getMonthList" resultType="org.sang.bean.Month">
        SELECT `id`,`tid`,`cause`,`money`,`degree`,`createdDate`
        FROM `month`
        WHERE `tid` = #{eid} and createdDate=#{createdDate}
    </select>
    <select id="getTotalwagesList" resultType="org.sang.bean.WageSchedule">
        select * from totalwages
        <where>
        <if test="depname!=null and depname!=''">
           and depname = #{depname}
        </if>
        <if test="createDate!=null and createDate!=''">
            and createDate=#{createDate}
        </if>
        </where>
    </select>
    <insert id="insTotalwages">
        INSERT INTO `totalwages` (`eid`,`name`,`depname`,`basicSalary`,`bonus`,`lunchSalary`,`trafficSalary`,`allSalary`,`take_home`,`pensionBase`,`medicalBase`,`accumulationFundBase`,`createDate`)
        VALUES
        <foreach collection="list" item="wage" separator=",">
            (#{wage.id},#{wage.name},#{wage.depname},#{wage.basicSalary},#{wage.bonus},#{wage.lunchSalary},#{wage.trafficSalary},#{wage.allSalary},#{wage.take_home},#{wage.pensionBase},#{wage.medicalBase},#{wage.accumulationFundBase},#{createDate})
        </foreach>
    </insert>
</mapper>